[
  {
    "id": "c2e90ef6-be44-42eb-a16d-8c7c6e92d980",
    "title": "Luxury Downtown Apartment",
    "description": "A modern apartment in the heart of the city.",
    "address": "123 Main St",
    "city": "Los Angeles",
    "state": "CA",
    "zip_code": "90001",
    "price": 2800,
    "bedrooms": 2,
    "bathrooms": 2,
    "square_feet": 1200,
    "property_type": "apartment",
    "amenities": ["parking", "gym", "pool"],
    "images": ["https://picsum.photos/800"],
    "latitude": 34.052235,
    "longitude": -118.243683,
    "furnished": true,
    "pets_allowed": true,
    "status": "active",
    "application_fee": 50
  },
  {
    "id": "cd96ae68-08a9-4d67-a694-d14ed0deb20d",
    "title": "Cozy Suburban Home",
    "description": "Quiet neighborhood, perfect for families.",
    "address": "456 Oak Drive",
    "city": "Dallas",
    "state": "TX",
    "zip_code": "75001",
    "price": 3200,
    "bedrooms": 3,
    "bathrooms": 2.5,
    "square_feet": 1600,
    "property_type": "house",
    "amenities": ["garage", "garden"],
    "images": ["https://picsum.photos/801"],
    "latitude": 32.7767,
    "longitude": -96.797,
    "furnished": false,
    "pets_allowed": true,
    "status": "active",
    "application_fee": 60
  },
  {
    "id": "3769a3fa-ea20-46c1-ae8b-f00fe8e053fc",
    "title": "Cozy Downtown Apartment",
    "description": "A modern 2-bedroom apartment in the heart of the city.",
    "address": "123 Main St",
    "city": "Cityville",
    "state": "CA",
    "zip_code": "90001",
    "price": 2500,
    "bedrooms": 2,
    "bathrooms": 1.5,
    "square_feet": 900,
    "property_type": "apartment",
    "amenities": [],
    "images": [],
    "latitude": null,
    "longitude": null,
    "furnished": true,
    "pets_allowed": true,
    "status": "active",
    "application_fee": 50
  },
  {
    "id": "150de600-7525-4015-adf0-ac3e4934983d",
    "title": "Spacious Suburban House",
    "description": "4-bedroom house with a big backyard.",
    "address": "456 Oak Dr",
    "city": "Suburbia",
    "state": "CA",
    "zip_code": "90002",
    "price": 4200,
    "bedrooms": 4,
    "bathrooms": 3,
    "square_feet": 2500,
    "property_type": "house",
    "amenities": [],
    "images": [],
    "latitude": null,
    "longitude": null,
    "furnished": true,
    "pets_allowed": false,
    "status": "active",
    "application_fee": 75
  },
  {
    "id": "103e5038-d4e8-429c-823b-82a7047f0310",
    "title": "Modern Loft",
    "description": "Stylish loft with high ceilings.",
    "address": "789 Pine Ave",
    "city": "Cityville",
    "state": "CA",
    "zip_code": "90003",
    "price": 3200,
    "bedrooms": 1,
    "bathrooms": 1,
    "square_feet": 800,
    "property_type": "loft",
    "amenities": [],
    "images": [],
    "latitude": null,
    "longitude": null,
    "furnished": false,
    "pets_allowed": true,
    "status": "active",
    "application_fee": 45
  },
  {
    "id": "a82572a8-290f-427b-953e-b15c4e12b1e6",
    "title": "Beachside Condo",
    "description": "2-bedroom condo with ocean views.",
    "address": "101 Ocean Blvd",
    "city": "Beach City",
    "state": "CA",
    "zip_code": "90004",
    "price": 3800,
    "bedrooms": 2,
    "bathrooms": 2,
    "square_feet": 1100,
    "property_type": "condo",
    "amenities": [],
    "images": [],
    "latitude": null,
    "longitude": null,
    "furnished": true,
    "pets_allowed": true,
    "status": "active",
    "application_fee": 65
  },
  {
    "id": "347e4acb-0fcf-4826-9813-d214e76a0902",
    "title": "Country Cottage",
    "description": "Charming cottage in the countryside.",
    "address": "202 Country Rd",
    "city": "CA",
    "state": "CA",
    "zip_code": "90005",
    "price": 2800,
    "bedrooms": 3,
    "bathrooms": 2,
    "square_feet": 1200,
    "property_type": "cottage",
    "amenities": [],
    "images": [],
    "latitude": null,
    "longitude": null,
    "furnished": false,
    "pets_allowed": false,
    "status": "active",
    "application_fee": 55
  }
]
